{"cameraMode":{"drawMode":0,"name":"Shaded","section":"Shading Mode"},"sceneLighting":true,"audioPlay":false,"sceneViewState":{"m_AlwaysRefresh":false,"showFog":true,"showSkybox":true,"showFlares":true,"showImageEffects":true,"showParticleSystems":true,"showVisualEffectGraphs":true,"m_FxEnabled":true},"in2DMode":false,"pivot":{"x":4.2264204025268559,"y":0.9775009155273438,"z":-0.0010440349578857422},"rotation":{"x":0.34801191091537478,"y":-0.44087767601013186,"z":0.1905716359615326,"w":0.8051066398620606},"size":6.073879241943359,"orthographic":false}